postcode,amenity_bank_3km
24184,0
23891,0
24251,0
24458,0
24261,0
24382,0
24377,0
24151,0
24188,0
23763,0
24161,0
24452,0
24655,0
24654,0
23711,0
24473,0
23752,0
23371,0
23351,3
24653,0
24673,0
23772,0
24553,0
24651,0
24373,0
23893,0
24391,0
23653,0
24173,0
24392,0
24352,0
24313,0
23652,0
24264,0
23754,0
24393,0
23661,0
24454,0
24453,0
23662,0
24410,0
24386,0
24376,0
23682,0
23654,0
23671,0
24385,0
24166,0
24472,0
24457,0
24455,0
23232,6
24415,0
24394,0
24357,0
23656,0
24262,0
23951,0
24381,0
24471,0
24263,0
23767,0
23681,0
24187,0
24152,0
24375,0
23764,0
24356,0
24411,0
23657,0
23116,0
23766,2
24371,0
23762,1
23391,0
24456,0
23362,0
24165,0
24661,0
24476,0
23774,0
24671,0
24474,0
23773,0
24478,0
24784,0
23771,0
24477,0
23892,0
23894,0
24582,0
24183,0
23361,0
23363,0
23514,0
23373,0
23524,0
24563,0
23761,0
24163,0
24182,0
23372,0
24561,0
24461,0
24562,0
24416,0
24791,0
24512,0
24513,0
23234,3
23244,8
23245,8
23241,8
23353,0
24552,0
24568,0
24571,0
24652,0
23758,0
23917,0
23672,0
24581,0
24786,0
23765,17
24171,0
24172,0
23615,0
23525,0
24164,0
24351,3
23126,5
24354,0
24167,0
24782,0
24372,0
23354,0
23911,0
23757,0
23517,0
24153,0
23352,3
24112,0
24656,0
23381,0
24186,0
23527,0
23124,7
24374,0
23235,3
24111,0
23618,0
23248,7
23753,0
24181,0
23233,7
24119,0
24174,0
24412,0
24118,0
24114,0
24519,0
23919,0
24475,0
24162,0
24185,0
23117,4
24783,0
23523,0
23522,0
23246,2
24355,0
23918,0
23617,0
23236,0
23611,0
23655,0
23128,5
23683,0
23239,4
24785,0
23717,0
23714,0
23518,0
23521,0
23755,0
23119,2
23526,0
23915,0
23716,0
23912,0
23114,6
24518,0
24115,0
23242,8
24678,0
24315,14
24515,0
23129,6
23528,0
23111,2
23511,0
23125,6
23512,0
23513,0
23776,0
23515,0
23121,2
23614,0
23122,6
23238,5
23952,0
23127,7
23118,6
23115,4
23231,6
23247,7
23230,3
23712,0
23715,0
23718,0
24314,14
24517,0
24413,0
24516,0
23123,5
23243,9
23713,0
23612,0
24113,0
24116,0
24414,0
23516,0
23529,0
23112,4
23616,0
24451,0
23249,8
24514,0
24511,0
23913,0
24311,14
23613,0
22881,0
22912,0
22261,0
21455,0
22461,0
21183,0
20773,0
20986,0
22774,0
21274,0
21273,0
22753,0
22762,0
22742,0
21464,0
22733,3
22312,0
22755,0
22617,0
22564,0
22654,0
22983,0
22976,0
21187,0
22454,0
21461,0
22773,0
22533,0
22756,0
22741,0
21452,0
21457,0
21454,0
22763,0
22758,0
22457,0
22536,0
22994,0
22537,0
22735,0
22738,0
22466,0
22563,0
22732,0
22386,0
22471,0
21258,0
22392,0
21126,0
22952,0
21419,0
20362,0
22538,0
22453,0
22747,0
22413,0
22396,0
22613,0
22726,8
22473,0
22765,0
22383,0
20993,0
22851,0
22853,0
22857,0
22872,0
21272,0
20856,0
21475,0
21255,0
21263,0
21463,0
21264,0
21271,0
22988,0
21471,0
20358,0
22171,0
22173,0
22871,0
22998,0
22618,0
22852,0
20858,0
20811,0
20772,0
22866,0
21261,0
22384,0
21171,0
22395,1
22455,0
21156,0
22867,0
22875,0
22873,0
22155,0
20229,3
20371,0
22864,0
22861,0
20152,42
22511,0
22874,0
22271,0
20987,0
20552,0
20991,0
21256,0
22476,0
22381,0
21352,0
20133,3
21136,0
20151,52
20121,23
20154,39
20615,4
21253,0
21472,0
20414,2
20996,0
20553,0
20634,0
20581,0
20582,0
21172,0
21161,0
21162,0
21184,0
21153,0
21181,0
21139,0
21157,0
20998,0
21155,0
22474,0
21182,0
20992,0
20853,0
22565,0
22262,0
22254,0
20372,0
20511,0
21421,0
20995,0
22876,0
22316,0
22315,0
22987,0
22814,1
22815,0
22863,0
20357,0
22272,0
20984,0
21173,0
20551,0
22283,0
20585,0
21411,0
21174,0
21186,0
22161,0
21262,0
22165,0
20613,13
20223,17
20719,0
20994,0
21451,0
20625,0
21142,0
22977,0
21381,0
21167,0
20149,1
21163,0
21254,0
22978,0
22282,0
20852,0
22251,0
21112,0
20224,21
21111,0
22458,0
22816,0
21165,0
22911,0
22456,0
21129,0
20353,0
20854,0
21145,0
22172,0
22716,7
22711,3
22212,0
21465,0
20356,0
20774,0
22163,0
22989,0
22472,0
21154,0
22154,0
22162,0
21168,0
22865,0
22811,0
22153,0
20762,0
22215,0
20415,2
20411,2
20412,2
20771,0
21252,0
20131,6
20715,0
20611,13
22252,0
20251,0
20851,0
21335,0
20728,0
21416,0
20724,0
20712,0
20228,12
22217,0
20583,0
22219,0
20997,0
22475,0
22712,6
22611,0
22465,0
22651,0
20857,0
21257,0
20859,0
21137,0
22862,0
20612,0
20374,0
22281,0
22164,0
21367,0
21211,0
20517,0
21417,0
20747,2
20126,1
20855,0
21212,0
22382,0
20745,4
20636,13
21427,0
20153,26
20736,4
20355,0
20227,16
22854,0
21151,0
22385,0
22391,0
22152,0
20621,0
20235,51
20123,6
21118,0
22417,0
22812,0
21362,0
21221,0
20231,54
20144,0
20238,25
20115,10
22393,0
22111,0
22112,0
20363,0
22918,0
22253,0
22612,0
22721,7
22416,0
20147,4
20124,2
20373,2
20351,0
22562,0
22514,0
22463,0
22394,0
22452,0
22211,0
22512,0
22411,0
22414,0
22415,0
22412,0
20221,11
21315,0
22263,0
20746,4
20748,4
20741,4
20749,0
21147,0
22218,0
22213,0
22616,0
21415,0
20158,10
22113,0
21474,0
21462,0
21331,0
21229,0
20117,45
21122,0
20713,0
21418,0
21314,0
22919,0
20744,4
21134,0
20145,0
21227,0
20881,0
20136,0
21344,0
20111,46
21214,0
21216,0
21215,0
21219,0
21222,0
20243,1
22521,0
20215,37
21124,0
20354,0
21324,0
22214,0
20761,0
20142,1
20254,0
20138,4
20127,2
20614,13
20361,0
22114,0
20717,0
20716,4
21423,0
22713,0
22722,8
20622,0
20512,0
20516,0
20624,0
22615,0
22314,0
20242,1
20626,0
20141,0
21128,0
21125,0
21143,0
20252,1
21325,0
20616,13
21144,0
20733,0
21135,0
20213,42
21342,0
21223,0
20742,4
22311,0
20524,0
20623,0
20155,9
21414,0
22115,0
22727,8
20518,0
20515,0
21369,0
20743,4
20233,38
21132,0
20513,0
22535,0
22532,0
22524,0
22531,0
22534,0
20232,60
20211,51
20143,0
22419,0
21316,0
20812,0
21368,0
22913,0
22917,0
22916,0
22714,6
22313,0
21131,0
20212,53
21341,0
22522,0
20627,0
22523,0
20628,0
20217,37
20816,0
20250,1
20718,4
20711,3
20253,1
21127,0
21333,0
20815,0
21426,0
21332,0
21313,0
20514,0
20112,48
22915,0
20157,7
21117,0
20727,0
21366,0
20239,12
20116,9
20723,0
20722,0
20721,4
20633,3
21412,0
20255,0
22715,6
22418,0
20714,4
21473,0
20159,12
21334,0
20118,18
21345,0
20214,28
21213,0
20122,9
20119,16
21323,0
20113,45
21364,0
21228,0
20132,3
21365,0
21218,0
21224,0
22513,0
22614,0
22216,0
20813,0
20234,51
21217,0
20137,0
20236,56
20222,25
21424,0
21425,0
21141,0
21361,0
20114,42
22728,8
20135,0
21121,0
21113,0
21428,0
21114,0
21413,0
22817,0
22723,8
20219,7
21226,0
21225,0
20218,13
20146,4
21146,0
20216,34
20737,4
20735,4
21343,0
20128,3
20631,0
20245,0
20725,0
20726,0
20731,4
20525,0
20125,0
20241,2
20134,0
21311,0
21312,0
21321,0
21322,0
20632,13
20237,12
20226,10
21115,0
20225,5
20256,0
20148,2
21116,0
20732,4
20244,0
20156,8
21123,0
21133,0
20734,0
21422,0
22725,8
21429,0
22718,8
22719,8
22724,8
27684,0
27779,0
27572,0
26573,0
27365,0
27371,0
26566,0
27387,0
26318,0
25531,0
27151,0
27553,0
25581,1
25668,0
25674,0
25217,0
27418,0
25176,0
25132,12
27419,0
26381,0
25519,0
25139,10
27776,0
25211,9
27681,0
26262,0
25522,0
26191,0
25654,0
25651,0
25673,0
25154,7
26228,0
26164,0
25662,0
25126,11
27294,0
27265,0
26261,0
26255,0
25584,0
25151,0
25652,0
27356,0
27317,0
27282,0
26131,4
26111,4
25573,0
25564,0
26212,2
26231,0
27422,0
26216,0
26214,2
25171,6
26235,0
26213,2
26224,2
25521,0
26226,0
27292,0
27114,0
27271,0
26161,0
25231,0
26257,0
25222,3
27213,0
27281,0
26181,0
26366,0
25215,7
25172,0
25223,0
27383,0
26271,0
27372,0
27264,0
25563,0
25236,0
26252,0
27564,0
27443,0
26471,0
26136,4
25118,0
26113,4
25235,0
25392,0
25391,0
27777,0
26353,0
25161,0
26138,4
25394,0
25586,0
27444,0
27115,0
26114,0
27388,0
27562,0
26116,4
27355,0
27381,0
26225,0
26192,0
25535,0
25237,1
26211,2
26128,0
26121,0
25552,0
25225,2
25511,0
26311,0
25524,0
26217,2
25516,0
27216,0
25162,0
27441,0
26221,2
27425,0
26273,0
27125,0
27573,0
25114,7
26152,0
25122,0
27127,0
27361,0
26127,0
25227,4
26451,0
25561,0
26253,0
27128,0
26272,0
27678,0
25137,11
25158,1
25145,4
25221,8
27261,0
26229,2
25661,0
27314,0
25515,0
25129,12
25517,0
25518,0
26254,0
25534,0
26561,0
25155,3
25663,0
27315,0
25523,0
25112,3
27321,0
25536,0
25142,12
27111,0
25143,8
25513,0
25512,0
25119,8
25539,0
25514,0
26215,2
25571,0
26567,0
25393,0
26115,4
25163,0
27427,0
25156,0
26251,1
27561,0
26237,0
27123,0
25232,0
25164,0
26219,1
25175,0
27122,0
27323,0
26151,0
26126,4
26223,2
26256,0
25666,0
27415,0
27413,0
27412,0
26122,0
25125,0
26133,0
27563,0
25157,1
25147,5
27211,0
26135,0
27325,0
25168,0
27571,0
27263,0
26162,0
25166,0
26227,0
27373,0
25136,8
27424,0
25173,0
27778,0
25153,2
27421,0
27416,0
26129,0
25537,0
25538,0
25216,5
27435,0
26571,0
27326,0
26218,2
27124,0
25117,2
26236,0
25233,0
26352,0
26232,0
25226,0
26112,4
26134,0
27775,0
26222,2
25123,13
26132,4
26572,0
25152,6
27113,0
25213,0
27322,0
27116,0
27411,0
25532,0
25224,0
26123,0
26124,1
26125,0
25533,0
25115,10
25212,9
27449,0
25111,0
27447,0
26137,4
25121,0
25214,9
25159,2
26233,2
27126,0
27446,0
27448,0
25526,0
27117,0
27118,0
27432,0
27433,0
27431,0
27316,0
27313,0
25582,1
27511,0
25529,0
25146,8
27262,0
25144,8
27423,0
27445,0
27312,0
27112,0
27121,0
27324,0
25572,0
25234,0
27434,0
26117,4
26473,0
27442,0
25134,9
25133,9
27311,0
29274,0
29564,0
28382,0
28292,1
28983,0
28784,4
29351,0
29563,0
29352,0
28555,0
28711,0
29255,0
28464,0
28384,0
28461,0
28753,0
28458,0
28554,0
29355,0
28755,0
28761,0
28471,0
28462,0
28557,0
28992,0
28912,0
28882,0
28913,0
29272,0
28821,4
28911,0
28383,0
28752,0
28556,0
29254,0
28453,0
29511,0
28771,0
29371,0
28685,0
28411,5
28826,0
29256,0
28558,0
29353,0
29566,0
29565,0
28353,0
28671,0
28754,0
29561,0
28781,0
29354,0
28463,0
29261,0
28686,0
29282,0
28763,0
28712,10
29273,0
28773,0
28812,4
28559,0
28654,0
28381,0
28811,0
28825,0
28452,0
28814,4
28813,2
29556,0
28662,0
28131,28
29281,0
28713,10
28291,13
28451,0
29252,0
28953,0
29253,0
28122,28
28126,30
28815,4
28991,0
28153,23
29555,0
28154,14
29312,0
29313,0
28152,23
28124,28
29314,0
28128,20
28565,0
28123,19
29363,0
28114,28
28112,23
29553,0
29515,0
29335,0
29271,0
28286,0
28412,5
28263,0
28262,0
28261,6
28125,9
28266,17
28772,0
28267,0
28156,25
28155,24
28264,0
28824,4
28914,0
29311,0
29316,0
29212,0
29213,0
28144,21
28127,28
29514,0
28823,0
29345,0
29319,0
28281,0
28822,4
28141,21
28151,24
28285,0
29318,0
28142,0
28714,0
29344,0
28294,17
28293,19
28116,8
28284,0
28111,27
28121,27
29317,0
29214,0
29513,0
28115,28
28282,10
28288,3
28289,1
28816,0
28143,0
28287,0
29211,0
29512,0
28265,4
37571,0
36552,0
36554,0
36365,0
37172,0
37361,0
37353,0
37161,0
37162,0
37211,0
36773,0
37371,0
37356,0
37174,0
37111,2
36761,0
37171,0
36653,0
36251,0
36373,0
37482,0
36611,0
37311,0
37261,0
37259,0
36656,0
37257,0
37481,0
36657,0
36129,0
36382,0
37262,0
36772,0
37572,0
37252,0
37175,0
37216,0
37152,0
36364,0
37372,0
37163,0
37485,0
37491,0
36655,0
37173,0
36654,0
36381,0
36112,0
37382,0
36555,0
36371,0
36764,0
36514,0
36145,0
37352,0
37255,0
37554,0
37492,0
36123,0
37354,0
36771,0
37263,0
36763,0
36134,0
36361,0
37573,0
37313,0
37112,0
36139,0
37553,0
36137,0
36511,0
36253,0
36136,0
36553,0
36141,0
36128,0
36135,0
36121,0
36613,0
36252,0
36262,0
36111,0
36132,0
37312,0
36133,0
37113,2
36265,0
36148,0
37314,0
36124,0
37114,2
36143,0
36572,0
36125,0
36149,0
36126,0
36614,0
36127,0
36144,0
36122,0
36255,0
36142,0
36256,0
36263,0
36146,0
36264,0
36147,0
36254,0
36612,0
36138,0
36261,0
36131,0
30117,1
30257,0
30111,2
30112,3
30267,3
30262,2
30123,1
30263,1
30124,2
30264,0
30122,1
30265,1
30125,2
30121,2
30132,0
30118,0
30126,3
30127,3
30129,3
30128,2
30131,0
30133,0
30134,2
30136,0
30141,2
30142,0
30143,0
30116,1
30255,1
30144,2
30145,2
30146,0
30147,0
30115,2
30254,2
30253,2
30114,3
30252,1
30113,2
30251,1
31356,0
32184,0
32362,0
30758,0
31521,0
32279,0
30759,0
32276,0
32278,0
30961,0
31663,0
31655,0
31172,0
31462,0
32121,0
30975,0
31315,0
30652,0
31593,0
31626,0
32265,0
31594,0
31173,0
30962,0
31628,0
31661,0
31461,0
31311,0
31595,0
32111,0
30659,0
31453,0
32274,0
30958,0
32192,0
31171,0
30154,0
32272,0
31513,0
32361,0
31121,0
32273,0
30618,0
31666,0
31471,0
31355,0
32385,0
31658,0
30661,0
30862,0
30653,0
31591,0
30755,0
31452,0
30752,0
30771,0
30268,0
30711,0
30681,0
32366,0
31414,0
30656,0
32367,0
31419,0
32158,0
32264,0
32151,0
31611,0
30757,0
30654,0
31652,0
31512,0
30664,0
32383,0
31517,0
31665,0
31352,0
31668,0
32211,0
30756,0
32382,0
32156,0
30959,0
32152,0
31654,0
31592,0
31625,0
31581,0
31627,0
32381,0
32114,0
31619,0
32155,0
32157,0
32191,0
31214,0
30673,0
30869,0
31511,0
31526,0
30868,0
30139,2
32315,0
30657,0
31667,0
30671,0
31314,0
32277,0
32185,0
30672,0
32386,0
31141,0
30655,0
32384,0
31657,0
31596,0
30611,0
30658,0
30614,2
30754,0
31516,0
31357,0
31711,0
30972,0
31519,0
30967,0
32313,0
31662,0
30953,0
30149,0
31351,0
31529,0
31418,0
31117,0
31113,0
31122,0
30151,0
31669,0
30971,0
31621,0
31622,0
30616,2
31131,0
30865,0
30119,0
30867,0
30148,0
30974,0
31133,0
31115,0
31111,0
30259,0
32159,0
31135,0
30161,0
31615,0
30915,0
30617,0
30866,0
30258,0
30968,0
31656,0
31415,0
32311,0
31412,0
31514,0
32125,0
30137,0
31614,0
31124,0
31125,0
30613,2
31624,0
31312,0
31144,0
30914,0
32387,0
31527,0
31417,0
31515,0
32314,0
30612,2
30911,0
31143,0
32116,0
31411,0
32115,0
31413,0
32312,0
31712,0
31127,0
30812,0
31618,0
30266,1
31123,0
32126,0
31132,0
30814,0
30816,0
30165,5
30163,8
32124,0
30261,2
30912,0
30615,2
31616,0
31142,0
30138,0
30162,5
30153,0
30916,0
30913,0
32117,0
31613,0
30164,3
31112,0
32112,0
31551,0
31145,0
30155,0
31416,0
32122,0
30135,2
31211,0
31212,0
31213,0
32123,0
32113,0
31134,0
31522,0
30813,0
31116,0
30815,0
30817,0
31146,0
31713,0
31313,0
31617,0
31126,0
38371,0
39125,0
38767,0
39182,0
38965,0
38374,0
38964,0
39152,0
38766,0
38764,0
38765,0
38963,0
39261,0
39153,0
39371,0
38571,0
38877,0
38956,0
38886,0
39269,0
38372,0
38883,0
38363,0
38873,0
39115,0
38656,0
38611,0
38326,0
38373,0
38653,0
38874,0
38881,0
39373,0
39374,0
39112,0
38385,0
39111,0
38361,0
39372,0
38553,0
39262,0
39264,0
38222,11
38223,11
38387,0
38882,0
38383,0
38657,0
39265,0
38768,0
38955,0
38962,0
38552,0
38118,11
38386,0
38888,0
39183,0
38961,0
38518,0
38513,0
38375,0
38514,0
38221,11
38121,0
38126,0
38114,10
38214,0
38216,0
38885,0
38575,0
38617,0
38382,0
38376,0
38887,0
38876,0
38229,1
39119,0
39268,0
39263,0
38511,0
38875,0
38655,0
38517,0
39117,0
38225,1
38224,7
38119,10
38122,0
38215,0
39116,0
38619,0
38116,10
38117,10
38227,1
38516,0
39267,0
38884,0
38618,0
38377,0
38878,0
38211,0
38226,0
39113,0
38512,0
38515,0
38115,10
38711,0
38213,0
38125,0
38713,0
38612,0
38614,0
38228,1
39121,0
38113,10
38378,0
39118,0
39114,0
38379,0
39124,0
39123,0
38714,0
34581,0
34769,0
34163,1
34698,0
35674,0
34381,0
34391,0
34384,0
34172,0
35551,0
34682,0
34388,0
34174,0
35377,0
35679,0
34767,0
34681,0
34558,0
34511,0
35376,0
34595,0
35613,0
34872,0
34766,0
35374,0
34878,0
34152,0
34613,0
35686,0
35368,0
35675,0
35452,0
34616,0
35366,0
34811,0
35592,0
34761,0
35597,0
34596,0
35238,0
34874,0
34876,0
35594,0
35353,0
34877,0
34882,0
34389,0
34559,0
34167,0
34879,0
34883,0
34693,0
34198,0
35513,0
35362,0
34175,0
35453,0
35552,0
34683,0
34555,0
34598,0
34875,0
34173,0
34161,0
35596,0
35386,0
34162,0
35361,0
34164,0
34583,0
35379,0
35365,0
34385,0
35213,0
34554,0
35683,0
35682,0
35367,0
34768,0
34117,0
35451,0
35373,0
35378,0
35384,0
35356,0
35611,0
35357,0
34885,0
35363,0
35239,0
34159,0
35158,0
35382,0
34762,0
35155,0
34157,0
34764,0
35372,0
34396,0
34196,0
34556,0
34765,0
34684,0
34763,0
34194,0
34372,0
35122,3
34166,0
34168,0
35228,3
34182,0
35225,3
34155,0
34582,0
34881,0
34619,0
34617,0
34516,0
34871,0
34594,3
35116,3
34697,0
35118,3
34884,0
34176,0
34114,0
34125,0
35227,0
34158,0
35151,0
35145,0
35222,1
34691,0
34386,0
34382,0
35119,3
35214,3
35157,2
34557,0
35211,1
35111,3
35387,0
34816,0
35136,0
35152,0
34113,0
34111,0
34112,0
34377,0
35123,3
35132,3
34169,0
34331,0
34376,0
34373,0
35115,3
35149,0
35224,0
35245,0
34119,0
34199,0
35121,3
35141,0
34387,0
35159,3
34513,0
35246,0
35235,0
35131,0
34519,0
34153,0
35231,0
34371,0
35148,0
34517,0
34518,0
34813,0
35212,1
35232,0
35142,0
34375,0
35154,0
34615,0
35375,0
34335,0
34121,0
34611,0
35233,1
34818,0
34696,0
35243,0
35241,0
34814,0
35113,0
35117,3
35112,0
35215,3
35237,0
35223,0
34333,0
34118,0
35144,0
35127,3
34123,0
34514,0
34156,0
34179,0
35124,2
35125,3
34815,0
35147,0
34171,0
35242,0
34515,0
35134,0
35156,0
35236,0
35146,3
35226,0
35234,0
34332,0
35153,0
34122,0
35229,2
34192,0
35129,3
35126,3
35133,0
35128,3
34124,0
35221,2
35684,0
34618,0
34614,0
34817,0
35244,0
35135,0
35143,0
34812,0
33411,6
33562,0
33414,0
33413,0
33172,0
33782,0
33451,0
33351,0
33364,0
33173,0
33255,0
33362,0
33149,0
33253,0
33571,0
33123,0
33365,0
33147,4
33366,0
33684,0
33415,0
33111,5
33113,4
33681,0
33135,5
33148,0
33252,0
33561,0
33777,0
33452,0
33512,1
33121,5
33778,0
33141,5
33517,0
33674,0
33783,0
33138,5
33145,5
33791,0
33116,0
33118,0
33127,0
33119,0
33417,6
33125,5
33179,0
33675,0
33211,0
33134,5
33213,0
33511,1
33115,0
33132,5
33136,5
33515,0
33514,0
33516,0
33412,0
33137,5
33215,0
33142,5
33139,5
33251,0
33481,0
33133,5
33117,0
33146,5
33212,3
33214,3
33143,4
33513,0
33312,0
33313,0
33311,0
33124,0
29783,0
29791,0
29792,0
29151,0
29784,0
29781,0
29483,0
29122,0
29662,0
29875,0
29432,32
29431,1
29664,1
29873,0
29871,0
29466,0
29125,0
29474,0
29193,0
29452,20
29441,31
29782,0
29464,0
29874,0
29458,34
29152,0
29133,0
29111,0
29872,0
29438,0
29471,0
29663,0
29124,0
29437,0
29484,0
29467,0
29113,0
29115,0
29443,34
29454,31
29486,0
29413,0
29112,0
29422,0
29444,32
29661,1
29123,0
29433,0
29468,0
29136,0
29473,0
29427,3
29414,0
29412,0
29134,0
29135,0
29114,0
29487,0
29472,0
29476,0
29416,0
29482,0
29439,0
29465,0
29481,0
29485,0
29428,4
29453,23
29425,0
29445,12
29424,0
29461,12
29132,0
29475,0
29426,2
14430,66
11330,97
13530,45
13310,83
13890,2
12730,69
13780,8
13520,41
10210,75
13330,75
12330,2
12840,88
10460,103
13910,7
13630,42
13820,2
10640,55
10520,68
10510,55
11730,22
13720,19
10150,141
12630,1
13770,7
10330,102
12770,57
12430,7
12560,26
13870,2
13640,41
14120,2
13840,16
12410,34
12150,45
13410,70
13340,61
13620,3
13420,65
13240,62
12230,19
13740,14
13550,3
13440,16
12760,88
11510,67
11750,34
10140,143
11270,150
10530,83
10110,142
12420,31
12140,25
13760,13
10270,54
11120,137
10350,115
12220,13
12210,21
11450,108
12980,105
10610,79
10720,58
12120,23
13610,6
12620,3
12540,45
13220,59
13250,64
13930,49
11430,125
11460,54
11320,121
11250,105
11640,45
10560,81
11310,132
14110,0
12740,83
11840,32
13790,19
14470,9
11810,7
10250,150
13320,89
10550,82
13540,19
14460,11
11720,12
10740,145
12940,79
12930,60
10220,95
12920,76
10750,97
13130,95
13210,70
11130,150
12520,19
12240,15
12830,84
14320,0
11530,98
10240,145
10120,140
10630,56
13150,88
10230,123
13650,18
10340,131
11710,11
11520,81
13730,19
11550,51
14240,4
11480,49
10620,94
11610,99
10430,91
13470,25
14210,0
11420,105
13510,22
12130,30
10450,109
11260,121
11140,163
12710,75
12950,82
10420,126
14270,0
12440,3
13810,2
13570,10
13460,20
12790,77
11180,140
10730,123
12860,100
12850,105
11160,161
14150,2
12160,50
12960,100
12870,71
10310,103
11650,85
11620,104
13850,14
14420,17
14410,35
13140,98
12780,70
14340,3
10710,124
12970,105
10440,101
11830,34
14250,16
10320,107
14450,12
12510,69
13710,23
11240,91
12720,60
13940,24
14440,74
12320,1
10260,104
12170,52
10160,162
10130,157
12270,14
12260,21
13560,4
11110,76
13110,98
13230,98
13430,14
13450,16
12450,3
12310,13
13860,5
14540,0
14530,0
14520,0
14510,0
13260,64
13950,15
12550,11
13830,5
14230,0
12180,54
11740,37
13350,73
12750,59
13920,31
10570,86
11230,90
14140,1
12110,44
11850,27
14130,0
12190,55
10410,126
10650,46
12910,92
13880,1
11410,85
12640,10
11630,109
11560,23
11540,36
14330,3
14350,5
14360,25
13750,6
11150,156
11220,124
11210,145
10540,116
11170,148
12530,16
11470,60
14310,0
12810,97
12820,88
11820,9
11440,107
14260,1
13960,3
12250,11
13120,116
14370,2
16417,3
41311,0
41314,0
45151,2
40973,0
41352,0
43356,2
45371,0
45187,0
45192,0
45262,0
45456,0
45514,0
46198,0
40254,26
40379,0
45583,0
46254,0
40375,0
45454,0
41371,0
41254,0
45461,0
45256,0
41162,0
16840,0
40291,24
45365,0
17111,4
45462,0
16660,0
46122,2
45463,0
45145,0
46464,0
45257,0
45162,0
40172,56
45183,0
45181,0
45182,0
45153,0
16310,0
44177,0
46258,0
46196,0
45511,0
45227,0
45458,0
45452,0
45391,0
40232,31
40117,65
40223,2
45419,0
45193,0
16810,0
45471,0
43358,3
16126,25
40294,4
40395,1
16640,0
40283,29
40281,16
40222,6
45191,0
16128,21
43142,1
40381,0
43152,0
16120,0
45167,0
16680,4
45457,0
46396,7
45612,0
16370,0
41174,0
43281,0
41151,0
45556,0
45263,0
43357,2
45472,0
43211,3
44183,0
45552,0
45554,0
45573,0
45464,0
43284,0
45561,0
17610,0
45566,0
44191,0
45311,0
45466,0
16670,0
46397,0
46264,0
45562,0
16418,3
45156,0
45652,0
45474,0
41262,0
43274,0
16830,0
43185,0
41285,0
45264,0
45161,0
44163,0
45453,0
41252,0
46312,0
40251,46
45217,0
41374,0
41382,0
16116,4
40238,0
45173,0
43359,3
46252,0
43261,0
45465,0
43186,0
41272,0
41271,0
45271,1
45272,0
46386,0
46391,0
46255,0
45586,0
46382,0
16720,1
17630,0
46311,0
40377,0
45468,0
46263,0
46383,0
44162,0
43183,0
45376,0
40378,0
46418,0
44172,0
46192,0
43171,0
43363,0
17151,1
16710,0
16650,0
46385,0
16153,17
17710,0
46187,0
43362,0
45355,0
45587,0
46151,0
41286,0
43173,0
45459,0
45354,0
46474,0
43172,0
46155,0
45366,0
40921,0
16143,26
40564,0
46274,0
45476,0
43161,0
40521,3
44188,0
46185,0
44161,0
44116,0
16750,0
40561,0
41354,0
46394,0
43271,0
43253,0
46326,0
40562,0
46395,0
40266,9
43351,0
46197,0
16133,17
41165,0
45164,0
46273,0
41384,0
45172,0
46381,0
16519,0
16422,14
16421,15
17112,6
41261,0
43193,0
45582,0
45283,0
46256,0
45574,0
43252,0
41181,0
46217,0
16620,0
43132,5
43353,0
46316,0
40275,29
41253,0
17136,8
17134,9
40382,0
41259,0
45186,0
43292,0
45155,0
41164,0
16920,0
16922,0
43178,1
16330,0
41255,0
44175,0
45166,0
16969,0
17117,10
16963,0
16436,0
17116,14
16516,2
43182,0
44165,0
43157,0
45553,0
40215,0
46393,0
40566,0
46475,0
43355,0
40376,0
46175,0
46387,0
43216,4
43196,0
46325,0
43268,0
43273,0
16139,2
40552,0
45392,0
41283,0
40394,0
17352,0
40558,0
46271,0
45188,0
43267,0
43283,0
40288,0
46188,0
45214,0
17540,0
46384,0
41372,0
43194,0
45252,0
41357,0
45274,0
16131,26
45455,0
45255,0
45381,0
40111,55
45219,0
40287,0
45375,0
16115,4
46268,0
46156,0
45382,0
45273,1
45254,0
43367,0
45595,0
41161,0
43265,0
45152,0
45585,0
41115,0
41284,0
45575,0
45564,0
41281,0
40565,0
43266,0
40911,0
40563,0
46392,0
43197,0
45475,0
43364,0
43179,0
46272,0
17320,0
40262,52
41381,0
40184,10
43263,0
43269,0
40374,0
45258,0
45154,0
40239,0
44119,0
43154,0
43175,0
40212,1
16730,0
44166,0
43366,0
44184,0
46193,0
45253,0
41356,0
45171,0
40553,0
45261,0
16630,1
45555,0
41373,0
16110,0
46211,0
43368,0
46189,0
16968,0
41167,0
17530,0
16610,1
41256,0
45563,0
40252,41
46186,0
45185,0
45591,0
40513,5
40241,42
43262,0
43254,0
16166,0
16340,0
40236,0
46184,0
16740,0
40273,45
43181,0
17340,0
44185,0
46195,0
40531,3
41175,0
40384,0
43177,0
43156,0
41263,0
40191,10
45353,0
46313,0
45588,0
40535,4
40386,0
43165,5
45363,2
46182,0
43285,0
16911,1
41152,0
40626,0
40625,0
44193,0
43282,0
44171,0
40391,0
45411,0
40972,0
16350,0
45372,0
16124,18
46194,0
16151,3
43275,0
45383,0
16360,0
45361,0
44151,0
17520,0
45559,0
43361,0
40198,0
44152,0
40121,41
16964,0
41282,0
40282,16
43155,0
43187,0
45412,0
45467,0
41172,0
46352,0
43184,0
46463,0
44115,0
41213,2
44186,0
46372,0
46181,0
44176,0
44187,0
45581,0
46212,0
40611,0
40383,0
40253,36
45517,0
44173,0
40214,0
40559,0
40522,3
43264,0
43291,0
41362,0
45584,0
45364,0
40396,0
40114,60
40122,59
46262,0
44174,0
46416,0
45593,0
40265,20
45362,0
45417,0
41166,0
45565,0
40213,1
45377,0
45513,0
46153,0
43153,0
43365,0
46114,2
40556,0
46365,0
46473,0
45571,0
41353,0
43176,0
45373,0
16132,23
45415,0
40261,51
40385,0
16966,0
44153,0
17153,0
17152,0
43113,5
45356,0
46261,0
43168,0
46414,0
41385,0
40124,14
46466,0
43174,0
16458,0
17330,0
44181,0
46123,2
16112,2
40615,0
16820,0
40621,2
40622,2
41163,0
16414,0
16156,3
40525,3
16155,4
46471,0
43191,0
45592,0
40623,1
40197,0
16459,0
44113,0
17155,0
44182,0
16514,0
40914,0
46417,0
40624,1
46158,0
40551,0
40614,1
40131,54
40511,2
41113,0
45315,11
40292,14
45594,0
43134,0
40618,0
45473,0
16157,2
40554,0
16770,0
16437,1
46133,2
40162,50
40617,0
40227,0
45558,0
45518,0
16917,1
41116,0
16918,0
40182,39
46215,0
16452,17
16416,1
40293,9
43115,5
43192,0
41118,0
40255,8
41111,0
43143,5
45516,0
40115,73
16320,1
40512,2
40257,2
46253,0
40142,15
41383,0
41258,0
16113,0
16517,1
16453,2
45282,0
40135,35
45557,0
41212,0
40258,0
16432,13
44164,0
16431,13
45223,0
45133,3
45215,0
45284,0
40183,24
44192,0
16518,3
46113,2
45281,0
16512,0
44168,0
43144,5
40153,16
45611,0
45285,0
16137,7
40619,0
43272,0
45321,0
16123,25
45163,0
43354,0
43111,5
16961,0
43123,5
16118,17
46415,0
45165,0
17123,0
17124,1
16914,0
17143,6
16454,3
45143,1
16138,2
40141,39
46322,0
40174,17
46219,0
40154,7
45115,3
46317,0
17146,2
17145,3
17147,11
17510,0
40231,18
46183,0
46371,0
17422,0
17414,2
41257,0
17423,0
17412,3
17411,1
40616,0
40195,2
16451,0
17435,0
17421,0
17425,1
17413,1
16413,0
17431,1
17433,0
17434,0
17432,0
17424,1
40286,18
17426,0
17415,1
17720,0
43166,0
45265,0
46465,0
17730,0
40271,38
46388,0
46115,2
17125,0
17133,6
45144,0
16913,0
43122,5
45213,0
41211,2
16960,0
17350,0
41361,0
40523,3
17356,0
46332,0
41315,0
45515,0
43121,5
45189,0
40243,30
43151,0
46327,0
45131,1
45521,0
16144,13
16169,0
17144,7
40274,35
40181,50
40284,28
16125,19
40235,14
16162,14
40112,60
45121,3
43112,5
40272,23
45142,2
16164,3
16923,0
16158,3
45123,4
16423,13
45226,0
16167,0
46361,0
46213,0
45134,4
45114,2
40233,7
45322,13
44112,0
44111,0
17135,3
46324,0
16425,11
41358,0
41363,0
40216,0
45141,1
16134,12
40132,48
40143,6
45212,0
45111,2
43169,0
46111,2
40532,1
16456,0
16515,2
46216,0
40263,41
16117,12
45418,0
46214,0
16433,13
40193,0
46462,0
40295,16
17142,6
45211,0
40226,0
40225,0
40224,0
17113,12
17141,10
41171,0
17132,2
40218,0
46334,0
16411,11
40196,0
44167,0
46321,0
45576,0
40237,5
16168,0
40534,1
40267,6
16111,16
40113,66
43215,4
46343,0
16135,0
46335,0
41117,0
17158,0
17157,4
46132,2
46124,2
41312,0
16967,0
41114,0
43145,5
16912,1
40217,0
46315,0
40242,37
43131,5
16121,19
16921,0
16916,0
41251,0
40125,12
40526,3
46461,0
17216,0
40173,53
16915,1
45572,0
44117,0
16122,24
40912,0
45393,0
44118,0
16136,12
16513,2
46134,2
44178,0
45112,2
17212,0
45225,0
46411,0
40915,0
45313,14
40256,4
45228,0
16119,19
40171,65
40514,11
40192,8
40161,57
46323,0
46218,0
17156,0
45113,1
17131,1
45118,3
45117,3
45216,0
17148,14
45221,0
17115,17
45613,0
17122,0
16424,7
16438,0
45116,3
46331,0
41119,0
45512,0
17214,0
46333,0
16434,1
16435,2
16439,3
44114,0
46344,0
40133,40
40913,0
17217,0
40151,18
43212,4
16511,1
43213,4
40228,0
17218,0
17211,2
40134,38
43114,5
16114,0
16129,19
17114,22
17215,0
17213,0
40524,3
45651,0
45222,0
41112,0
43162,0
16145,7
16146,2
43167,0
45218,0
46412,0
45323,14
46314,0
40234,30
41215,2
41355,0
43214,4
43116,5
17620,0
16165,2
46413,0
40163,35
40221,17
45314,3
43135,4
40123,37
16455,1
16415,0
46131,2
46267,0
45122,3
40285,26
40175,11
40152,19
16142,17
40164,20
16412,0
40229,0
17154,0
45132,4
16141,12
40116,71
16426,10
16154,12
16161,14
41316,0
16457,0
45416,0
46112,2
16152,5
17121,0
45224,0
43141,5
16962,0
45414,0
45229,0
46126,2
46125,2
40264,26
40533,1
46168,0
16965,0
46342,0
43133,5
40211,7
46121,2
53354,0
54317,0
54363,0
56415,0
53265,0
51273,0
51262,0
53271,0
53463,0
56153,0
58252,0
52273,1
53172,0
53174,0
54361,0
54474,0
56361,0
52194,0
54265,0
59185,0
53163,1
53281,0
59158,0
53194,0
57562,0
57762,0
53453,0
54392,0
54391,0
56512,0
51173,0
52363,0
52371,0
51271,0
52364,0
53418,0
54382,0
57384,0
54264,0
58219,0
56351,0
58162,0
57794,0
59174,0
51153,0
53113,34
53391,0
52473,0
54473,0
53455,0
54383,0
59184,0
52361,0
59153,0
58172,0
50661,0
53458,0
54172,0
53282,0
59583,0
59252,0
57464,0
57376,0
54393,0
59271,0
52365,0
53371,0
53161,0
53255,0
53253,0
52181,0
52255,0
59274,0
51156,0
59173,0
59554,0
58253,0
58261,0
59325,0
52356,0
53462,0
57385,0
59163,0
56271,0
50777,0
59327,0
54174,0
59162,0
58182,0
57276,0
54394,0
56254,0
56262,0
54171,0
58381,0
53382,0
58255,0
53456,0
57783,0
59462,0
51261,0
57555,0
57695,0
59332,0
59565,0
57556,0
57362,0
53381,0
57452,0
57463,0
52471,0
52464,0
52461,0
59172,0
56196,0
54118,1
56281,0
57663,0
57263,0
57673,0
57693,0
53355,0
57484,0
59573,0
56411,0
56263,5
56265,0
56152,0
51312,0
59453,0
59273,0
54395,0
58311,0
53457,0
57144,21
59261,0
50211,1
56163,0
51281,0
57313,8
57471,1
56283,0
57552,8
57275,0
57664,0
57253,0
56261,0
50182,0
59156,0
59265,0
53316,2
53121,46
51254,0
57792,0
50175,24
50517,12
52192,0
59432,0
51143,0
50772,0
53471,0
53392,0
53481,0
56151,0
54224,1
54211,1
59465,0
57252,0
52137,0
57382,0
50614,0
57481,0
56252,0
59454,0
58171,0
54222,1
59582,0
59567,0
56194,0
58254,0
52265,0
58193,0
57373,0
52274,0
50115,1
58218,1
58384,0
57381,0
59517,0
58372,0
57372,0
59152,0
52253,0
57791,0
50138,32
53263,0
51351,0
51361,0
54353,0
52183,0
56371,0
53362,0
52275,0
52216,0
53164,0
52353,0
53181,0
50117,0
54366,0
53283,0
51381,0
58183,0
51182,0
56162,0
53452,0
52319,0
56172,1
53195,0
53173,1
53183,0
52352,0
56258,0
53353,0
59581,0
54416,0
56255,0
54173,0
59563,0
51192,0
53473,0
51252,0
57551,0
56253,0
51183,0
53356,0
53256,0
53133,37
53482,0
53182,1
51272,0
53176,0
56257,0
59461,0
57672,0
56483,0
57483,0
57352,0
57137,0
54181,0
50664,0
56482,0
56352,0
50663,0
50264,1
52354,0
56373,0
51382,0
51139,0
57462,0
56481,0
56192,0
56193,0
51319,0
59263,0
57256,0
51357,0
59262,0
56211,5
59413,11
57571,1
56256,0
57438,0
57414,0
59312,0
52263,0
51129,0
57485,0
50775,0
50245,26
53152,0
57486,0
59466,0
56191,0
59561,0
53162,0
52466,0
52465,0
50774,0
58164,0
57171,1
57455,0
56484,0
59186,0
56264,0
52355,0
52272,0
57674,0
51274,0
51255,0
56161,0
57383,0
54215,1
57678,0
53393,0
51164,0
58256,0
54262,0
58257,0
50771,0
57716,0
50776,0
57671,0
57468,0
53454,0
57482,0
50519,0
54421,0
59171,0
57554,0
57475,0
58382,0
50235,1
50233,1
51119,0
57378,0
59272,0
54381,0
59155,0
57528,0
54191,0
51362,0
57374,0
50231,16
56364,0
57292,0
57377,0
56259,0
54183,0
56374,0
53257,0
51152,0
57473,0
52193,0
57281,0
58216,1
50552,0
57793,0
53146,27
57662,0
57467,0
53475,0
59372,0
57785,0
56362,0
59333,0
54223,1
53177,0
56365,0
59552,0
59512,0
56553,0
53192,0
54365,0
53352,0
53266,0
59511,0
57461,0
58371,0
51137,0
57262,0
59114,1
59157,0
54263,0
51171,0
56485,0
51191,0
54261,0
57557,0
57293,0
59181,0
51371,0
57782,0
50715,4
52451,0
57174,1
53127,26
51163,0
52357,0
59183,0
59254,0
58262,0
59264,0
59253,0
53372,0
52261,0
53319,2
52318,0
50141,20
52182,0
54352,0
58161,0
57178,0
57472,0
56318,0
57277,0
50148,12
57474,0
57692,0
57753,0
51352,0
59571,0
56372,0
58166,0
57322,0
57454,0
59566,0
57274,0
53273,1
59464,0
51253,0
53252,0
52212,0
52184,0
54119,0
51161,0
50189,0
51363,0
51162,0
57731,0
50135,32
57683,0
50216,0
50126,30
51314,0
59463,0
50713,14
57696,0
51155,0
51354,0
50179,35
59255,0
57563,0
59418,11
52362,0
57697,0
59154,0
59382,0
59452,0
53274,0
53264,0
57675,0
57188,0
50277,4
53254,0
57694,0
50246,27
57615,0
50662,0
57149,13
54472,0
57254,0
51355,0
54316,0
51117,0
56317,1
59182,0
53196,0
57419,0
57752,0
56354,0
57722,0
59311,0
56214,5
59161,0
52147,0
58315,0
56121,7
56314,0
57466,0
50257,7
54364,0
53361,0
50214,0
50773,0
50513,7
56195,0
51317,0
58114,0
57712,0
57283,0
54117,1
58165,0
51356,0
53262,0
50736,0
58163,0
56266,0
52266,0
59353,0
57465,0
50223,1
57272,0
51216,0
58312,0
57391,0
52264,0
53222,0
53165,0
53211,2
52276,0
57331,0
57519,0
54362,0
51151,0
51193,0
51364,0
50173,31
57561,0
59316,0
52463,0
53472,0
53357,0
52314,0
57425,0
57156,21
58113,0
58192,0
57781,0
57282,0
52138,1
52133,1
52115,1
52132,1
51148,0
51123,0
59419,11
59313,0
59317,0
59422,0
57261,0
59119,0
58167,0
59321,0
51372,0
57375,0
54175,0
54114,1
52419,0
52418,0
51146,0
50722,5
57524,0
52472,0
52252,0
51138,0
50232,6
57176,1
57155,21
59116,1
51181,0
52271,0
52215,0
57122,18
56282,0
56353,0
57175,0
57514,1
57423,0
50248,2
51353,0
59219,0
50266,1
57681,0
57173,1
59213,0
56112,7
57271,0
57652,0
57451,0
50743,14
50271,0
50512,7
57661,0
53175,0
57434,0
59343,0
58383,0
58152,0
57134,21
56229,3
57698,0
57612,0
57611,0
57613,0
50149,12
56226,5
53272,0
57426,0
58191,0
50551,0
59381,0
54411,0
51383,0
57691,5
50187,0
57169,1
56272,0
53122,41
53231,0
53461,0
57417,0
50229,1
53261,1
53224,0
57222,0
57715,0
57162,13
50613,33
58181,0
56215,5
56216,5
58153,0
50274,5
59347,0
59346,0
50219,0
57784,0
50254,1
57682,0
50275,0
52462,0
57152,21
57677,0
57126,6
57433,0
58154,0
51133,0
59349,0
50151,5
57363,0
58214,1
51315,0
57421,0
57511,1
56319,1
59416,11
56315,1
57513,1
50256,2
57521,1
57418,0
57435,0
51316,0
57116,21
57157,16
51174,0
57713,0
56222,5
56123,8
59218,0
57413,0
57136,0
52411,0
59314,0
53191,6
50145,5
50744,0
51318,0
50724,14
50198,1
59514,0
59117,1
52217,0
50164,18
54212,0
53321,2
53474,0
52121,0
52219,0
52144,0
52136,0
50183,2
50515,12
52416,0
50253,5
52262,0
57133,21
51149,0
53193,0
50222,0
53144,2
53142,45
57216,1
50255,1
57711,0
53171,0
50152,0
57145,1
59323,0
57312,8
59411,11
50241,33
53136,2
51122,0
53151,0
52254,0
53234,0
53416,0
50131,0
50124,33
53123,24
59455,1
51214,0
54214,1
59516,0
50712,13
51215,0
58213,1
59417,11
59315,0
51127,0
50188,32
50123,33
57316,0
52312,0
53235,0
56223,3
51112,0
54311,0
50723,8
59429,0
58217,1
53315,2
50273,0
54116,0
56114,5
57211,0
53131,45
52124,1
56311,1
52114,1
50133,32
54315,0
50228,19
57321,8
56122,7
57151,21
57129,21
57131,21
51128,0
51113,0
57143,9
51134,0
57166,0
56217,5
57437,0
57132,21
52134,1
57314,2
57411,0
51124,0
57172,0
53132,35
56218,5
50221,0
51132,0
57323,8
50278,4
56115,0
51118,0
53414,0
52146,0
50139,33
53116,46
51147,0
50146,5
59421,11
51145,0
52112,1
57153,21
57221,1
52413,0
50116,0
50734,0
58212,1
50176,31
50612,0
51135,0
51136,0
58112,0
53225,0
54251,1
59118,1
59211,0
50742,14
59431,6
50249,6
50518,0
59425,1
52316,0
57148,9
50732,9
59217,0
52218,0
53232,0
50611,0
53221,0
59344,0
56117,7
56126,8
59214,0
57161,1
57177,0
57139,20
57516,1
56224,5
50155,0
50156,0
52123,1
50272,0
50154,0
59515,0
50227,1
50721,14
50147,2
52143,0
51111,0
59342,0
57424,0
53112,22
50134,32
58215,1
59319,0
50122,21
56312,1
57416,0
57127,0
54112,1
52117,0
56228,5
50197,1
50111,1
52313,0
56225,5
57165,0
59428,1
57163,1
50213,0
50181,0
59112,1
57179,0
58313,0
59341,0
59322,0
50261,6
57721,0
51311,0
57422,0
57215,1
58314,0
50224,1
57135,21
51144,0
53124,1
50267,5
52214,0
57146,8
52415,0
56316,1
56414,0
54115,1
50178,32
50177,19
52122,1
51141,0
59326,0
56111,7
54312,0
53412,0
52211,0
57118,21
53135,5
53137,32
59111,1
59115,1
52222,0
50268,5
59324,0
50192,0
51313,0
52125,1
52311,0
53314,2
53331,2
50194,0
50113,0
59415,11
57141,21
50212,0
52221,0
59423,0
50242,17
50237,14
50225,1
50199,1
59113,1
57181,0
50171,36
59348,0
50186,0
50217,0
56116,6
59412,11
52412,0
51211,0
57168,0
57125,10
50265,7
52213,0
50716,13
53313,2
53312,2
53311,2
53317,2
58111,0
50137,33
57128,19
53147,42
53141,45
53114,46
53111,43
54151,1
56227,5
53126,38
57142,13
50172,36
50184,1
50735,0
52131,1
50244,32
53134,22
50125,0
56124,7
56127,7
50218,0
50279,0
50711,14
50166,23
50276,5
51212,0
51126,0
57199,17
59414,11
59215,0
50163,18
56511,0
56412,0
57432,0
50132,36
54314,0
54414,0
57191,13
57415,0
53411,0
59424,0
54413,0
59426,4
53212,2
53223,2
50514,12
50741,10
50714,14
57527,1
56221,5
54113,1
57213,1
57164,1
59513,0
57311,8
50162,10
53413,0
53115,46
57147,10
57212,1
57214,1
50263,5
57121,21
52315,0
57512,1
53125,20
57138,9
50269,5
50226,6
52141,1
50516,0
59451,1
56413,0
54313,0
50185,1
53213,2
50174,14
52317,0
50215,0
59212,0
50144,12
56313,1
57714,0
53215,0
50733,10
51116,0
59427,11
52111,1
53145,0
56212,5
56213,5
58211,1
50112,0
56125,7
50746,0
50745,0
50262,5
57154,21
50196,1
57412,0
52414,0
50118,0
53233,0
52135,1
50511,12
53417,0
56113,7
59318,0
57315,7
53318,2
54412,0
50252,10
57614,0
55294,0
55583,0
55752,0
55225,29
55295,0
55811,1
55883,0
55661,0
55861,1
55551,0
55664,0
55188,6
55184,1
55198,7
55672,0
55881,0
55673,0
55711,2
55552,0
55293,3
55671,0
55197,1
55211,33
55791,0
55892,0
55853,0
55862,0
55891,0
55854,0
55651,0
55243,24
55584,1
55655,0
55572,0
55153,12
55231,25
55663,0
55781,0
55582,7
55893,0
55515,0
55281,16
55761,0
55233,33
55283,19
55221,32
55654,1
55783,0
55581,0
55772,0
55851,0
55763,0
55142,13
55872,0
55871,0
55674,0
55782,0
55163,7
55232,32
55111,33
55751,2
55863,0
55653,0
55192,1
55195,1
55573,2
55132,24
55652,1
55241,27
55852,0
55152,14
55813,1
55222,32
55224,32
55242,23
55282,10
55143,13
55561,2
55165,15
55764,0
55261,27
55182,13
55122,28
55592,1
55262,26
55253,19
55713,1
55161,12
55512,0
55131,23
55771,1
55251,15
55133,16
55185,0
55762,0
55196,1
55121,26
55172,1
55272,27
55173,1
55112,38
55571,0
55171,2
55712,2
55715,0
55166,37
55562,0
55285,4
55264,0
55284,24
55193,1
55792,0
55162,9
55271,27
55563,0
55288,2
55213,32
55141,13
55167,21
55191,7
55183,1
55212,32
55244,24
55223,35
55186,1
55287,0
55181,7
55286,3
55513,0
55511,2
55291,5
55514,0
55714,2
55164,16
55252,21
55151,23
55194,1
61152,0
64181,0
69216,4
69156,0
69482,0
69466,0
69453,0
69465,0
69467,0
68372,0
60286,96
68175,0
68193,1
69362,0
61485,0
69165,0
68353,0
67283,0
69121,0
68351,0
68464,0
67292,0
67291,0
68355,0
67186,0
68453,0
62183,0
69166,0
69485,0
69174,0
67275,0
67282,0
68271,0
63362,0
68462,0
60174,141
67357,0
65181,0
67172,0
69371,0
69361,0
61162,0
68172,4
67251,0
68252,0
69455,0
69155,0
60151,89
68162,0
65152,1
65154,0
66192,0
65183,0
67175,0
68173,0
67165,0
69472,0
67287,0
68253,0
61258,0
69281,0
69491,0
69291,6
68125,0
69271,0
65153,0
65163,2
68321,4
62284,0
65155,0
67361,0
65157,0
65176,0
68191,0
68371,0
68194,0
63581,0
65126,0
65166,0
67181,0
65132,0
63516,2
69151,0
69382,0
66293,0
61454,0
69263,0
69272,0
68373,0
67151,0
61153,0
60182,24
64292,0
61382,0
62195,0
63152,0
63491,0
66253,0
65164,0
64291,0
63263,0
64472,0
63282,0
63253,0
64391,0
66184,5
67352,0
61155,0
69451,0
60197,3
62271,0
62291,0
61173,0
60227,14
62257,0
63173,0
66153,0
66172,0
64171,0
61473,0
64221,0
61483,0
69323,0
68154,0
68214,0
68461,0
63455,0
63174,0
62362,0
63271,0
67372,0
69363,0
62252,0
66152,2
63151,0
66218,0
68164,0
64461,0
64481,0
68165,0
68471,0
69172,0
63461,0
63472,1
64452,0
69352,0
66183,2
67174,0
69252,0
64471,0
63155,4
69353,0
68286,0
65148,1
61263,0
67128,4
65171,0
61372,0
64151,0
62181,1
67162,0
62166,0
62281,0
62256,0
69463,0
62184,0
66163,0
62193,0
66154,0
68431,0
63162,0
68463,0
60222,0
66174,0
65174,0
63351,0
67177,0
63511,2
62182,0
66261,0
63382,0
66292,0
64484,0
61181,0
64393,0
61471,1
61275,0
64451,0
64419,0
60186,18
61271,0
62194,0
61457,0
64156,0
61265,0
61384,0
61172,0
61363,0
64473,0
61351,0
61314,2
61276,0
61362,0
64129,1
63395,0
68161,0
68352,0
62253,0
65173,0
61177,0
69456,0
63171,0
64294,0
64311,0
62153,0
64133,1
63481,0
66318,0
69461,0
69474,0
63474,0
62354,0
63462,0
69112,0
62165,0
63157,0
61462,0
64118,1
64114,1
63583,0
63391,0
67358,0
67182,0
61385,0
68285,0
65146,8
66274,0
69175,0
65179,0
62154,0
62382,0
61254,2
61354,0
63283,0
66171,0
62276,0
62364,0
67111,8
69417,0
69355,0
60214,3
62292,0
66229,0
68487,0
69173,0
69273,0
61381,0
64131,1
69416,0
69354,0
69154,0
64183,0
64315,0
66181,0
61456,0
66365,0
66273,0
63254,0
63252,0
63257,0
62372,0
63453,0
63153,4
63518,2
63419,0
64482,0
61272,0
69253,0
61419,0
61455,0
67156,0
61253,0
64119,0
64395,0
68118,0
60185,10
68454,0
66364,0
62383,0
61474,0
62371,0
62192,0
64124,1
63281,0
64172,0
61225,7
63137,0
62118,7
63172,0
62293,0
65392,0
63352,0
64155,0
64453,0
62274,0
67183,0
65167,0
63561,0
62162,0
63418,0
62191,0
61252,0
62254,0
62212,3
62272,0
61171,0
68432,0
61352,0
61151,0
66252,0
62155,6
67274,0
67316,1
62264,0
67261,0
69153,0
63181,0
69473,0
64157,0
69152,0
63256,0
68374,0
63218,0
60254,113
67272,0
68467,0
62265,0
63411,0
68359,0
67355,0
67354,0
69261,0
61156,0
66281,0
61175,0
62365,0
61154,0
63464,0
69254,0
60284,59
68251,0
68112,0
65116,9
64475,0
62167,0
61262,0
64394,0
63319,1
66381,0
69317,0
69321,0
68488,0
69462,0
68281,0
69163,0
69454,0
63156,0
62164,0
68323,0
64176,0
69356,0
62318,0
67154,0
61373,0
64136,0
61453,0
65393,0
67252,0
61257,0
61261,0
68181,0
61452,0
65215,0
61114,0
63161,0
63482,0
63412,0
64413,4
62152,0
64392,0
62381,0
66233,0
62352,0
65326,2
63554,0
61375,0
62353,0
64154,0
63384,0
66182,0
68482,0
66291,0
67153,1
66263,0
66116,11
64225,0
66373,0
68282,0
66133,9
62363,0
66371,0
66161,0
65391,0
66151,3
61264,0
60239,38
61374,0
65156,0
60195,2
63216,2
61353,0
61256,4
67288,0
66275,0
64293,0
68284,0
67371,0
68356,0
62261,0
61482,0
64134,0
61174,0
63471,1
69161,0
69162,1
66193,0
62361,0
68113,0
69262,0
64173,0
64135,0
62255,0
68472,0
64219,0
63456,0
68358,1
65125,2
61463,0
61484,0
64162,0
64152,0
61361,0
68212,0
66126,11
64474,0
61327,2
69383,0
61233,7
64161,0
63182,0
63572,0
64415,4
63361,0
62355,0
63553,0
63475,0
60161,127
61481,0
66235,0
67255,0
66351,0
66213,0
68424,0
67276,0
68272,0
62366,0
63284,0
62262,0
64175,0
62263,0
64224,0
63285,0
63451,0
62357,0
60218,8
63463,0
63262,0
63571,0
62172,0
68354,0
69316,0
67129,8
67138,7
60127,3
60124,5
63154,0
66361,0
67157,0
65334,0
63315,1
68483,0
67375,0
68455,0
67155,0
61234,7
65331,1
65135,0
68466,0
66191,0
63371,0
65123,7
65136,0
66187,0
69481,0
68167,0
66363,0
69457,0
66272,0
64116,0
62119,3
67161,0
63552,0
61274,0
67373,0
64217,0
68171,0
61461,0
67163,0
63454,0
61476,0
61475,0
61215,7
65138,0
62391,0
67263,0
62273,0
68283,0
67312,5
67273,0
67173,0
63473,0
68362,0
67184,0
68195,0
68357,0
67212,2
68152,0
67293,0
68211,0
68261,0
67353,0
63261,0
65323,0
61124,0
65158,0
69212,7
67185,0
64122,1
62171,0
60241,92
64227,0
68155,0
67382,0
68485,0
67284,0
64153,0
67359,0
68311,6
69115,0
63136,0
66284,0
61416,6
64111,0
66352,0
65144,8
61182,0
67313,5
61371,0
66186,0
64182,1
62161,0
66254,0
67383,0
62316,0
62282,0
60264,131
67271,0
63383,0
60225,54
60234,5
68151,1
60138,28
60113,9
63372,0
66382,0
60179,85
67356,0
64174,0
60271,140
65149,0
69452,0
60134,16
65115,11
65151,0
67134,8
68166,0
65182,0
65178,0
62356,0
68262,0
68486,0
66262,0
66362,0
65168,0
66155,0
66372,0
61119,0
68184,0
69483,0
64113,0
61364,0
60235,6
60117,18
69114,0
68117,25
61231,0
61383,0
63582,0
66231,0
64214,0
65175,0
66137,5
61319,2
67281,0
68156,0
61273,0
61123,0
68468,0
63264,0
67152,0
62168,0
65162,0
68465,0
60275,149
67139,8
68291,0
68423,0
65333,0
68153,0
63584,0
63493,0
60183,2
68425,0
63214,4
60281,131
63392,0
60172,122
60294,0
61315,2
66173,0
63573,0
65337,0
65172,0
60224,61
61418,7
64125,1
61313,2
60244,50
60229,29
60232,24
68263,0
65165,0
68288,0
64132,0
67176,0
67217,4
61226,7
65141,11
62275,0
64416,4
67262,0
61412,6
68192,0
68131,26
60237,9
63492,0
66283,0
60171,96
60212,11
62114,5
67254,0
62211,3
65137,5
67314,5
67315,5
68168,0
61415,6
63134,0
67233,0
67229,0
67238,1
67239,1
67253,0
68114,0
65321,0
63215,0
68217,0
67225,0
62111,7
60293,6
69471,0
68314,0
60114,24
64126,1
68484,0
65216,0
60112,6
68133,25
68419,0
68412,0
66212,0
67125,8
60199,2
67213,4
63118,4
60141,109
60273,135
60137,39
69492,0
68132,2
68196,0
66125,11
67131,8
67381,0
68174,0
67135,8
62218,0
60221,0
61116,0
68411,0
68124,22
62314,0
66319,0
61118,0
66217,0
67228,0
63117,4
65117,7
62113,7
66117,11
65119,10
64411,4
63414,0
61324,2
66219,0
61121,0
68417,0
68137,26
69413,0
63317,1
67116,8
67214,4
60233,3
67114,8
68122,25
62317,0
61115,0
67231,0
62283,0
61316,0
60298,4
60125,2
61176,0
67236,0
60261,136
66215,0
66224,0
60223,4
63132,4
63112,0
66313,3
69116,0
60176,108
68219,0
62319,0
60292,8
60123,0
61411,6
69415,0
61417,6
63416,0
63311,1
66234,0
60111,3
60265,113
68287,0
68126,0
69119,0
60282,92
68418,0
65121,6
60272,146
64139,0
63211,4
66226,0
67222,0
65145,11
65214,0
60231,33
62313,0
60198,7
66136,3
68421,0
65111,10
69314,0
60121,2
68313,2
68213,0
67127,8
61321,2
67137,5
64218,0
60175,117
60163,83
61212,7
64312,0
63135,1
60253,104
60291,8
64313,0
62311,0
60211,8
64216,0
68413,0
65211,0
61223,0
62112,6
61213,7
60213,14
64117,1
67171,0
60216,25
61117,0
60219,9
63122,4
65139,0
61318,2
64462,0
67123,3
68363,0
63316,1
63413,0
68136,1
63127,4
66228,0
63138,2
64128,0
60184,18
60116,32
63217,4
60238,22
68182,0
67218,4
67112,8
60295,0
60119,7
63517,2
61323,2
60118,25
65134,4
61322,2
68322,6
60285,70
65142,8
61413,6
65322,0
63139,4
66194,0
64112,1
60178,72
60115,21
65147,1
63128,4
63129,4
68215,0
66114,0
60246,94
60245,64
65311,3
66311,3
63125,4
67113,8
64137,0
64127,1
69484,0
60162,96
68316,0
63119,4
67374,0
65316,1
60131,118
60132,64
63512,2
69493,0
63415,0
60196,3
64123,1
60256,93
66122,10
69412,0
65332,2
65124,1
63133,4
68415,0
69414,0
67124,8
66214,0
63121,4
60299,15
61216,7
66317,0
64211,0
69311,0
69312,0
63123,3
68312,6
68111,6
64418,4
60153,80
68218,0
67126,8
64314,0
63212,3
64213,0
65113,13
68422,0
65324,0
60274,150
68416,0
68414,0
60297,1
60177,63
60164,80
60165,36
65313,3
67136,7
60252,64
67221,3
64417,4
63515,2
60133,36
66221,0
66134,11
67226,0
64115,0
69215,7
68157,0
60226,30
61326,2
60283,89
61219,7
61217,0
63513,2
61113,0
61325,2
65338,0
63417,1
67117,8
65122,3
67115,8
61311,2
60189,46
60255,99
60135,69
66225,0
63111,2
66135,5
66223,0
60192,2
69113,0
65112,12
60217,14
64226,0
66314,3
60251,124
60242,62
64223,0
63313,1
64121,1
69118,0
68135,2
61312,2
66113,1
60145,111
62217,2
63514,1
61214,7
61218,7
61111,0
62213,3
61122,0
65317,3
62312,0
64229,0
62315,0
61112,0
60152,91
60128,55
60143,79
60144,100
65314,3
60236,7
68116,4
66232,0
65312,1
67219,4
60188,31
61224,0
67215,4
65118,6
60122,5
62216,3
62115,7
62215,3
66121,11
65335,0
67237,1
67227,0
64228,0
65318,2
66315,3
68121,22
61228,0
60215,2
66316,3
61328,2
68315,1
63131,4
66312,3
68216,0
67133,8
60193,2
60126,3
60191,0
60142,99
60136,122
63318,1
60129,17
60187,24
66115,1
65143,4
63312,1
63113,0
66227,0
60262,131
65315,3
60173,85
67118,5
64138,0
64215,0
66216,0
67211,4
65327,0
65133,0
66124,8
67311,5
65325,0
67132,8
67224,0
67223,0
65336,0
64212,0
62214,3
66222,0
64222,0
65213,0
60155,26
61317,2
63126,4
67216,4
60228,4
67232,0
60243,63
60154,64
60296,0
60263,144
15133,0
42193,0
42262,0
15720,0
42356,0
42277,0
42165,0
42166,0
42455,0
42357,0
42312,0
42251,0
42263,0
15510,0
42178,0
42219,0
42176,0
15820,0
15315,0
15118,1
42265,0
42271,0
15540,0
42363,0
42419,0
42186,0
15550,0
15610,0
15415,6
42252,0
42371,0
42372,0
42441,0
42122,0
42264,0
42273,0
42353,0
42123,0
42253,0
42355,0
42352,0
42175,0
42167,0
42191,0
15530,0
42282,0
42274,0
42185,0
42173,0
42168,0
42392,0
15122,0
15121,0
42284,0
42272,0
42393,0
42182,0
42396,0
15123,1
15212,4
15810,1
15418,1
15125,11
42194,0
42417,0
42453,0
42381,0
42196,0
15710,1
42281,0
42454,0
42174,0
15115,1
42362,0
42172,0
42354,0
15730,0
42276,0
42177,0
42181,0
42391,0
15570,0
15119,0
15310,0
15113,1
42426,0
42275,0
42195,0
15412,1
42164,0
42395,0
42285,0
42423,0
42394,0
15620,0
15138,1
15344,0
15336,0
42183,0
42283,0
42163,0
42213,0
15332,1
15335,0
42317,0
42316,0
42286,0
42364,0
42311,0
42427,0
15117,5
42261,0
42214,0
42171,0
42318,0
42162,0
42361,0
15116,1
15114,1
42111,2
15155,1
42117,2
15411,8
15142,0
42313,0
42121,0
15148,0
15419,4
42184,0
15341,0
42415,0
42418,0
15211,4
42127,2
15342,0
42444,0
42192,0
15154,11
15137,0
15132,1
42413,0
15560,0
42128,0
15520,0
42438,0
42436,0
15146,0
42447,0
42161,0
15136,0
15330,0
42315,0
15134,0
15323,0
42411,0
15414,1
15223,3
15222,2
15124,9
42212,0
15313,0
42218,0
15337,0
42114,2
42116,2
42424,0
15157,27
42425,0
42211,0
42125,0
42433,0
42442,0
42422,0
15128,0
42446,0
15147,8
42416,0
15112,1
15213,4
42112,2
42434,0
15312,0
15156,22
42445,0
15144,0
42431,0
15321,3
15320,3
15331,0
15322,3
42115,2
42113,2
42414,0
15334,1
15129,0
15340,0
42314,0
15314,0
42319,0
15145,0
42437,0
15159,1
15339,0
42215,0
15126,1
15324,0
15325,5
15417,7
42124,0
42412,0
15153,1
15139,6
15143,5
15135,0
15228,0
15227,1
15131,0
15224,2
15416,1
15221,2
15326,0
15220,3
15226,0
15225,4
15158,1
15229,2
15141,0
15318,3
15215,3
15214,2
42443,0
15345,3
42216,0
15413,2
15127,1
15311,3
15338,0
15151,1
15111,0
42217,0
42118,0
15343,0
42439,0
15152,0
42126,0
42119,0
80752,0
80852,0
80652,0
82121,2
80515,10
80351,0
80352,1
80661,0
82218,0
80716,0
81119,0
81161,0
80862,2
82162,0
82191,0
80871,0
82262,0
81112,3
82152,0
82212,0
80853,0
80671,0
82123,2
81153,0
81113,3
81117,3
81152,0
82213,0
82163,0
81116,1
81155,0
82181,0
82161,0
80582,3
80771,0
80614,0
80861,3
81171,1
80581,2
80353,0
80513,10
81172,0
81154,1
80361,0
80863,0
80761,0
82252,0
81173,2
82112,2
80572,0
82115,0
80811,2
80612,0
80231,85
80233,73
80234,123
80232,146
82111,3
80111,80
80112,148
80113,105
80114,98
82114,3
82261,0
82113,3
80511,10
81115,3
81114,3
81111,3
80613,0
80571,0
80561,0
80864,0
80237,22
80611,0
82214,0
82215,0
82216,0
80552,0
80117,18
81118,3
80225,86
80222,20
80115,19
80118,121
80119,68
80221,26
80238,1
82211,0
80226,49
80512,9
80227,22
80228,13
80712,0
80713,1
80711,0
80229,9
80223,16
80224,17
80813,8
80236,118
80239,52
80235,70
80116,9
83237,45
84271,0
84457,0
84372,0
83552,0
83661,0
83511,0
83653,0
84454,0
83354,0
83114,25
83112,17
83654,0
83652,0
84455,0
83233,43
83363,0
84211,14
83371,1
83656,0
83361,3
83562,1
84316,0
84162,0
84182,0
83554,0
84152,0
84352,0
84213,14
84384,0
84253,0
84458,0
83118,30
83614,0
83572,0
83362,2
84361,0
84251,0
84172,1
83561,0
84381,0
84353,0
83571,0
83355,3
83365,0
83672,0
84371,0
83582,0
83553,6
83581,0
84456,0
84173,2
83353,0
84261,0
84382,0
83236,13
84111,0
84161,0
84191,0
83671,0
84314,2
84318,0
84383,0
84313,2
83351,4
83239,48
83238,47
84171,1
83618,0
84119,0
83662,0
83125,42
83232,29
84219,0
84181,0
84212,14
84373,0
83663,1
83573,0
83523,0
83615,0
83514,10
83352,2
83126,50
83522,10
84272,0
83364,0
83116,16
83513,8
83617,3
84218,12
83123,41
84217,14
83613,3
83619,2
84252,0
84153,0
84114,0
83616,0
84312,2
83515,10
83121,50
83122,50
84116,14
83127,23
83117,18
83611,4
83516,0
83113,30
84315,2
84115,2
84214,14
83519,0
84113,1
83124,21
83521,11
84112,14
83612,4
84117,14
84311,0
83512,0
84216,16
83115,20
84118,14
83518,10
84317,0
85572,0
86253,0
85819,0
85851,0
86262,0
86353,0
86372,0
86362,0
86472,0
86463,0
86381,0
85365,0
86183,0
86452,1
85661,0
85671,0
85872,0
85229,18
85119,20
85773,0
85552,0
85353,0
85231,1
85764,0
86685,0
85766,0
85871,0
85763,0
85881,0
86462,0
86219,0
86683,0
85651,0
87262,0
87272,0
87282,0
87172,0
85983,0
86352,0
85573,0
85614,0
85367,0
86691,0
86252,0
86583,0
85765,0
86681,0
85711,0
86684,0
87261,0
86692,0
85912,0
85362,0
85563,0
86592,0
86413,2
86682,0
85571,0
85762,0
85116,9
85752,0
86272,0
86214,0
87284,0
85393,0
85561,0
86572,0
87161,0
86516,0
86591,0
86571,0
85615,0
86181,0
86161,0
85715,0
86756,0
85351,0
85562,0
86754,3
85973,0
85237,2
85982,0
85771,0
85361,5
86461,0
86561,0
85392,0
85918,0
85718,0
86261,0
85575,0
85148,1
85574,0
85613,0
86752,0
86753,0
86581,0
86419,0
85369,0
86111,2
86113,0
87152,0
86464,0
85682,0
85364,0
85815,0
85368,0
85391,0
86152,0
87271,0
86171,0
85974,0
87252,0
87283,0
87263,0
87254,0
87258,0
87257,0
85981,0
85221,17
86319,0
86153,0
86361,0
86271,0
86584,0
85363,0
86519,3
85519,0
86582,0
86757,0
85972,0
85772,0
86374,0
86371,0
85761,0
86217,0
85551,0
85226,22
85234,18
85717,0
85144,0
85111,5
85112,17
86515,3
86116,0
87182,0
87181,0
86211,0
85861,0
87153,0
87112,5
87171,0
86115,0
86416,2
87253,0
86112,2
87255,0
85814,0
85813,0
85812,0
85811,0
85223,0
87217,0
87111,5
87116,5
87114,0
87214,4
87213,4
86512,3
85681,0
85612,0
85611,0
85228,8
86411,2
86318,0
85515,0
87215,4
85146,1
87211,4
86215,2
86375,0
87115,0
86418,0
86213,0
86613,0
86615,3
86616,0
86612,2
86611,2
86212,0
85716,0
86379,0
85235,18
85238,0
85712,0
85236,17
85617,0
85141,4
86317,2
86511,3
86313,2
85225,19
85514,0
87212,0
85914,0
86376,0
85142,3
85118,15
85147,8
85239,0
85232,3
86118,1
86378,0
86415,2
86382,0
85517,0
85233,17
85516,0
85917,0
85227,21
86315,2
86513,3
86216,0
86312,2
87113,5
86314,2
86377,0
85916,0
85616,0
85143,1
86417,2
86412,2
85511,0
87216,2
86518,0
86316,2
86414,2
85913,0
85714,0
85713,0
86114,0
86514,3
86517,3
85816,0
85817,0
79358,0
78864,0
78876,0
78863,0
78862,0
78652,0
78384,0
78121,18
78871,0
78856,0
79357,0
78361,0
78385,0
79363,0
79366,0
78663,0
79214,0
79356,0
78617,0
79367,0
79364,0
78353,0
78917,0
78391,6
78653,0
79271,0
78716,6
79465,0
78383,0
78874,0
79281,0
78767,0
79251,0
78572,0
78756,0
78552,0
78768,0
79454,0
78762,0
78571,0
79671,0
79417,0
78661,0
78564,0
78556,0
78854,0
78591,0
79587,0
78655,0
79284,0
78124,6
78662,0
79211,0
78612,0
78656,0
78233,0
78822,0
78755,0
78872,0
78683,0
78691,0
79672,0
78773,0
79674,0
79682,0
78772,0
78853,0
78244,1
79461,0
79585,0
78873,0
79355,0
78654,0
78516,0
78754,0
79283,0
78774,0
79588,0
79681,0
78852,0
78393,0
79285,0
79362,0
79365,0
79452,0
78122,0
78123,0
78765,0
78562,0
78555,0
79181,0
78714,0
78764,0
78512,0
79462,0
79673,0
78855,0
78392,0
79213,0
78753,0
78382,0
79582,0
78763,0
79583,0
78758,0
78759,0
78371,0
79114,4
78693,0
78563,0
78694,0
79212,0
78684,0
78761,0
78511,0
79111,4
78235,0
78117,14
78561,0
78857,0
79586,0
78554,0
79513,0
78581,0
79516,0
78557,0
78771,0
79453,0
79675,0
79286,0
78513,0
78752,0
79116,4
79154,0
78381,0
78775,0
78351,0
78813,0
79467,0
79466,0
78811,0
78769,0
78613,0
78614,0
78615,2
78616,0
78234,6
78821,0
78715,0
78553,0
78757,0
78355,0
78914,0
79124,0
78766,0
79514,0
79584,0
78919,0
78112,12
79122,4
79512,0
78618,0
79511,0
79151,0
78114,0
79163,0
78231,0
79463,0
78916,0
78915,0
79123,4
79112,4
78132,0
79515,0
78116,6
78115,3
78113,12
78514,0
79115,1
78918,0
79113,4
78243,8
78241,0
78242,10
78619,2
78236,0
78137,2
78611,0
78515,0
78913,0
78812,0
78911,0
78111,6
79121,4
78912,0
74352,0
74173,0
74183,0
73652,0
73671,0
73681,0
73618,2
73552,0
73581,0
73592,0
74813,0
74162,0
73554,0
74271,0
74462,0
74281,0
74312,0
74311,0
74313,0
74356,0
73761,0
74362,0
74161,0
74873,0
74361,0
73661,0
74872,0
73911,0
74862,0
74355,0
74353,0
73555,0
74663,0
74463,0
73525,0
73617,0
73862,0
73516,0
73653,0
73583,0
74261,0
74452,0
74215,0
74562,0
73752,0
73224,0
74413,0
73871,0
74326,0
73971,0
73524,0
74581,0
74113,0
73713,0
73753,0
73564,0
74363,0
73762,0
74455,0
74454,0
74457,0
74181,0
73991,0
73981,0
74552,0
74456,0
74561,0
74664,0
74553,0
74315,0
74214,0
74863,0
74871,0
73961,0
73593,0
73881,0
73852,0
73114,0
74831,0
73814,0
73553,0
74354,0
73229,0
73112,0
74861,0
73711,0
74453,0
74291,0
74571,0
73523,0
73614,0
74152,0
74314,0
74816,0
74812,0
73221,0
73522,0
74461,0
74821,0
73615,0
73712,0
74511,0
73813,0
74184,0
74841,0
73751,0
73861,0
73226,0
74172,0
74117,0
73113,0
74325,0
74171,0
74612,0
73111,5
73812,0
74112,0
73612,0
73521,0
73222,0
73613,0
74874,0
73811,0
74115,5
74323,2
74322,0
74324,0
73512,0
74611,0
73514,1
73228,0
74213,0
73227,0
73118,0
73511,0
74116,0
74114,5
73763,0
74321,0
73225,0
73513,0
73515,0
74111,3
74316,0
73223,0
71183,0
70661,0
70653,0
71391,0
71514,0
71382,0
71471,0
71664,0
70617,0
72275,0
70673,0
70126,1
70125,1
71372,0
70674,0
72154,0
71371,2
70655,0
70881,0
71213,0
71453,0
70882,0
70815,0
71292,0
71261,0
71552,0
70565,0
71363,0
71161,0
71381,0
71291,0
70675,0
70814,0
71666,0
72272,0
70564,0
70511,0
70114,6
70123,7
70581,0
70618,0
71114,0
71419,0
72273,0
70671,0
71572,0
71184,0
71271,0
70552,0
71315,0
71154,0
70562,0
71662,0
71454,0
70571,0
71252,0
71262,0
70513,0
72115,0
72112,0
71452,0
71152,0
72169,0
71663,0
72155,0
71191,0
71217,0
70563,0
70553,0
72153,0
70654,0
70732,0
71361,0
72162,0
71553,0
71416,0
72166,0
71352,0
71455,0
71362,0
71153,0
70852,0
70652,0
71515,0
71314,2
71311,2
71312,2
71313,2
71561,0
71162,0
72213,3
70672,0
71253,0
70245,6
71665,0
70871,0
71171,0
72164,0
70861,0
71281,0
71661,0
72274,0
71618,2
72152,0
72211,0
72271,0
70853,0
70582,0
71571,1
70116,7
70239,5
70567,0
71575,0
70619,0
70854,0
71573,0
70883,0
72167,0
72161,0
71617,2
72163,0
70733,0
71181,0
70612,0
70566,0
70561,0
72116,0
70231,6
71215,0
71216,0
71574,0
72114,0
70724,0
70713,0
70721,0
72168,0
71554,0
71282,0
71555,0
72111,0
71412,0
70568,0
71214,0
71512,0
70615,0
70614,0
71185,0
72212,4
71211,0
70234,6
70812,6
70235,1
70241,6
70242,0
70246,0
70247,0
70714,0
70611,0
72215,0
70111,6
72113,0
70129,1
70128,7
70127,1
71113,0
70236,1
72214,0
72181,0
70722,0
70723,0
71616,2
70512,0
72216,0
72165,0
71614,2
70244,0
70112,6
72156,0
70616,0
71414,0
70731,0
71418,0
70124,1
70115,6
70243,6
70118,0
70249,0
70248,0
70237,7
72218,0
71112,0
71111,0
70233,6
70121,6
70238,1
70734,0
72117,0
72217,0
70122,0
71413,0
71417,0
70613,0
71513,0
70119,0
70117,6
70113,0
75774,0
75124,0
76281,0
75274,0
77373,0
75766,0
75778,0
75381,0
76284,0
75311,2
76147,0
75271,0
75776,0
76282,0
75684,0
76285,0
75382,0
76261,0
75763,0
75391,0
75119,53
75618,0
75572,0
75576,1
75253,1
75131,36
75511,6
76131,5
76132,2
76133,2
75767,0
76136,1
75654,0
76253,0
76252,0
77352,0
75562,0
77371,0
75773,0
76271,0
75313,2
75552,0
75775,1
75655,0
76283,0
75561,0
75553,0
75777,0
75325,2
77372,0
75558,0
75312,2
75121,0
77312,4
75772,0
75557,0
77361,0
75619,0
76141,0
75241,0
76144,0
75385,0
75123,50
76114,2
75683,0
75779,0
75768,0
75265,0
75765,0
75559,0
77315,4
75656,0
76145,0
76143,0
76129,0
75314,0
77311,0
76128,1
76125,7
76121,26
76122,21
75242,44
75276,0
75279,0
76251,0
75122,44
75251,0
75571,0
76146,0
75555,0
75564,0
75383,0
75125,12
75126,0
76123,8
76148,0
76127,0
75113,41
76124,7
76134,0
77381,0
75556,0
76113,26
76112,26
76117,0
76142,0
75118,0
77362,0
75513,0
75769,0
75115,0
76116,0
75517,1
75685,0
75273,0
75512,12
76149,0
75133,32
75263,0
75264,0
75261,0
75267,0
75514,0
75111,48
75112,43
75117,45
75256,0
76111,15
75114,0
75243,0
77313,0
75277,0
75254,0
75324,0
76115,0
77111,0
75116,41
75515,9
75266,0
75321,2
75262,0
75128,0
75127,36
76118,0
77573,0
77483,0
77263,0
77211,0
77482,0
77562,0
77212,0
77215,0
77453,0
77456,0
77152,0
77554,0
77457,0
77571,0
77115,0
77555,0
77116,0
77124,0
77123,0
77113,0
77214,0
77112,0
77261,0
77126,0
77217,0
77155,0
77572,0
77125,0
77281,0
77216,0
77114,0
95771,0
95775,0
95959,0
95526,0
95661,0
95858,0
95377,0
95371,0
95872,0
95818,0
95861,0
95882,0
95871,0
95231,0
95752,0
95885,0
95883,0
95772,0
95694,0
95762,0
95817,0
95537,0
95811,0
95863,0
95352,0
95683,0
95881,0
95781,0
95115,5
95856,0
95853,0
95774,0
95855,0
95998,0
95125,12
95997,0
95765,0
95163,2
95535,0
95375,0
95862,0
95551,0
95814,0
95763,0
95552,0
95854,0
95761,0
95251,0
95999,0
95996,0
95713,0
95751,0
95714,0
95764,0
95558,0
95857,0
95511,0
95521,0
95522,0
95954,0
95239,10
95357,0
95651,0
95355,0
95864,0
95376,0
95252,0
95782,0
95682,0
95113,13
95117,13
95246,0
95717,0
95121,10
95884,0
95533,0
95127,4
95373,2
95773,0
95531,0
95816,0
95955,0
95815,0
95544,0
95542,0
95543,0
95715,0
95753,0
95372,0
95513,0
95681,0
95254,2
95253,2
95129,0
95416,0
95415,0
95417,0
95418,0
95958,0
95523,0
95378,0
95684,0
95693,0
95441,0
95442,0
95433,0
95614,1
95953,0
95692,0
95956,0
95536,0
95612,1
95691,0
95852,0
95419,0
95379,0
95615,1
95613,0
95232,10
95259,0
95611,1
95413,0
95414,0
95719,0
95234,10
95122,11
95711,0
95712,0
95618,0
95449,0
95538,0
95435,0
95431,0
95258,0
95123,11
95812,0
95559,0
95995,0
95238,10
95516,0
95515,0
95514,0
95112,12
95813,0
95528,0
95162,3
95545,0
95616,1
95718,0
95444,0
95445,0
95443,0
95555,0
95716,0
95541,0
95512,0
95119,4
95556,0
95249,0
95437,0
95256,0
95257,2
95554,0
95553,0
95446,0
95619,0
95524,0
95529,0
95434,0
95557,0
95128,1
95118,4
95116,5
95617,1
95447,0
95546,0
95114,12
95527,0
95547,0
95424,0
95425,0
95423,0
95539,0
95532,0
95124,11
95126,12
95411,0
95412,0
95436,0
95439,0
95432,0
95438,0
95111,11
95161,4
95525,0
95422,0
95421,0
94884,0
94554,0
94891,0
94479,0
94471,0
94565,0
94883,0
94882,0
94892,0
94353,0
94653,0
94474,0
94475,0
94885,0
94476,0
94976,0
94683,0
94752,0
94364,0
94664,0
94363,0
94552,0
94881,0
94765,0
94473,0
94711,0
94761,0
94654,0
94771,0
94681,0
94974,0
94973,0
94971,0
94142,0
94561,0
94652,0
94762,0
94753,0
94361,0
94362,0
94684,0
94773,0
94226,10
94352,0
94354,0
94356,0
94516,0
94553,0
94351,0
94691,0
94112,0
94723,0
94514,0
94221,32
94563,0
94661,0
94568,0
94972,0
94111,32
94966,0
94692,0
94562,0
94231,2
94566,0
94682,0
94616,0
94567,0
94717,0
94564,0
94614,0
94228,0
94712,0
94517,0
94975,0
94663,0
94772,0
94225,0
94965,0
94619,0
94518,0
94227,1
94355,0
94223,32
94714,0
94611,0
94233,0
94617,0
94146,0
94145,0
94713,0
94141,0
94116,0
94615,0
94515,0
94235,33
94612,0
94148,0
94618,0
94513,0
94222,34
94238,5
94511,0
94143,0
94239,0
94232,0
94115,0
94613,0
94512,0
94147,0
94118,5
94234,6
94236,19
94237,28
94119,0
94229,0
90552,0
90992,0
92776,0
90871,0
90952,0
90971,0
90954,0
91653,0
92772,0
90516,0
92255,1
90752,1
92754,0
92755,0
92781,0
92752,0
91683,0
90981,0
91613,0
90982,0
92972,0
90561,0
92661,0
90654,0
92616,0
91271,0
90553,0
91611,0
90514,0
91672,0
90511,0
92361,0
91922,1
91272,0
91854,0
91662,0
90554,0
90712,0
91992,0
91852,2
92552,0
92517,0
90612,0
90234,22
92771,0
90861,0
92855,0
92571,0
92653,0
92767,0
91661,0
92973,0
91811,3
92957,0
92975,0
90951,0
92982,0
90915,0
90852,0
92981,0
91855,0
91952,0
90993,0
91253,0
91998,0
92774,0
90762,0
92965,0
92971,0
92761,0
92211,3
90131,48
92461,0
91995,0
92716,0
90515,0
91254,0
92955,0
91999,0
92983,0
91914,0
90224,22
92316,0
92854,0
92311,0
92315,0
92232,0
92612,0
92221,0
92933,0
92171,0
91861,0
92916,0
90984,0
92985,0
91753,0
91856,0
90222,108
90661,0
90673,0
91994,0
92912,0
92351,0
91993,0
91752,0
91862,0
92768,0
92261,0
91761,0
90235,15
91853,0
92352,0
91966,0
92231,0
92963,0
90653,0
91951,0
90143,142
90862,0
92764,0
92254,0
92662,0
90145,143
91652,0
90153,125
92153,0
90655,0
92766,0
91754,0
92561,0
90225,1
91991,0
90167,62
90166,73
92652,0
90111,126
92415,0
92932,0
90563,0
92851,0
92572,0
92861,0
92117,11
91921,0
91958,0
92862,0
92773,0
91813,3
91671,0
91691,3
90233,67
91881,0
90244,0
92574,0
91911,1
91872,0
92173,0
90953,0
92775,0
92763,0
91871,0
91833,0
90961,0
91215,0
92812,1
90562,0
92953,0
92917,0
91252,0
90983,0
92511,1
91221,0
92956,0
91681,0
90814,0
92174,0
91997,0
92514,0
91959,1
90614,0
90651,0
92611,0
92671,0
92714,0
92176,0
90753,0
92765,0
91815,0
92152,0
92914,0
90223,60
92615,0
92451,4
90132,104
92111,14
92371,0
92573,0
90618,0
90133,66
90513,0
90617,0
90615,0
90157,113
90156,125
92161,16
92811,0
92175,0
92252,0
92313,0
92119,13
90126,42
90512,0
91817,0
91923,1
91996,0
90991,0
90811,0
92711,0
91131,0
91651,1
90212,36
92654,0
92735,0
90911,0
90243,1
91121,0
90211,99
90154,111
91812,0
91832,0
91873,0
91711,0
90173,112
92753,0
90162,44
92762,0
91122,7
92715,0
91262,0
90711,0
90761,0
91616,0
90241,29
90672,0
92964,0
90853,0
90174,115
91712,2
92863,0
90221,63
90163,91
90611,0
91213,0
92314,0
92732,0
90619,0
92116,19
90215,60
90214,113
92518,1
91925,0
92961,0
90121,66
92954,0
92913,0
90231,55
90134,117
91835,5
92411,0
90232,129
92915,0
92114,31
92312,0
90168,76
90125,110
91834,5
91111,15
90917,0
90114,132
91981,0
91133,15
90812,0
92412,0
92613,0
91261,1
91112,0
90913,0
92614,0
90141,137
92935,0
90213,111
90123,58
92516,0
91125,0
90112,102
91912,1
91123,0
92733,0
90144,156
91214,0
91212,0
92734,0
91831,5
90152,135
90172,113
90135,104
91814,3
90113,117
91256,0
90142,142
90122,54
90671,0
92731,0
90918,0
90171,119
91614,0
91924,0
90813,0
92413,0
90616,0
92113,1
90914,0
92215,0
92719,0
92115,15
92717,0
92721,0
90155,103
90245,0
90161,82
91219,0
90115,134
92936,0
90216,34
92118,0
91913,1
91216,0
91211,0
91615,4
90613,0
91682,0
91217,0
91218,0
90916,0
90242,17
92712,0
90165,94
91926,0
90164,89
92112,6
92513,0
90912,0
90151,136
91113,15
90217,56
91114,15
92414,0
92937,0
92718,0
92713,0
91132,8
93561,0
93664,0
93871,0
93115,0
93354,0
93234,0
93873,0
93352,0
93452,0
93815,0
93819,0
93814,0
93395,0
93881,0
93573,0
93575,0
93883,0
93464,0
93463,0
93461,0
93955,0
93762,0
93773,0
93885,0
93811,0
93874,0
93112,1
93571,0
93413,0
93792,0
93756,0
93891,0
93353,0
93915,0
93954,0
93118,2
93563,0
93419,0
93813,0
93884,0
93231,0
93774,0
93875,0
93418,0
93111,1
93412,0
93416,0
93351,0
93754,0
93957,0
93816,0
93727,0
93772,0
93916,0
93753,0
93793,0
93654,0
93393,0
93661,0
93674,0
93655,0
93517,0
93781,0
93783,0
93673,0
93752,0
93659,0
93656,0
93672,0
93761,0
93652,0
93755,0
93116,0
93714,11
93771,0
93717,11
93123,0
93958,0
93653,0
93658,0
93663,0
93721,11
93763,0
93757,0
93812,0
93711,11
93611,0
93892,0
93662,0
93127,0
93562,0
93552,0
93125,0
93794,0
93512,0
93572,0
93121,0
93795,0
93117,1
93715,0
93716,11
93758,0
93657,0
93724,0
93913,0
93126,0
93791,0
93671,0
93725,0
93113,0
93614,0
93719,0
93511,0
93518,0
93956,0
93818,0
93911,0
93514,0
93414,0
93128,0
93616,0
93914,0
93129,0
93233,0
93236,0
93417,0
93411,0
93235,0
93912,0
93114,0
93612,0
93613,0
93232,0
93519,0
93238,0
93124,0
93722,11
93122,0
93237,0
93712,11
93415,0
93726,11
93713,11
93618,0
93615,0
93515,0
96252,0
96584,0
96585,0
96271,0
96261,0
96263,0
96582,0
96469,0
96127,0
96468,0
96251,0
96266,0
96264,0
96265,0
96583,0
96111,5
96524,0
96214,0
96272,0
96253,0
96212,0
96218,0
96262,0
96118,5
96254,0
96112,5
96181,0
96467,0
96136,0
96133,0
96213,0
96124,0
96121,0
96215,0
96525,0
96131,0
96116,0
96128,5
96123,0
96216,0
96114,5
96119,5
96138,0
96219,0
96211,0
96135,4
96129,2
96115,5
96466,0
96126,0
96134,5
96113,5
96132,0
96117,0
96125,0
96139,0
96137,0
96217,0
96122,1
91451,0
91352,0
91571,0
96365,0
91312,0
91355,0
91315,0
91373,0
91452,0
91563,0
91572,0
91364,0
91512,0
91354,1
91366,0
91574,0
91371,0
91453,0
91514,0
91361,0
91411,1
91562,0
91415,0
91353,0
91414,0
91511,0
91363,0
91412,1
91561,0
91362,0
91573,0
91372,0
91413,0
91314,2
91515,0
91365,0
91351,0
91313,0
91311,0
91513,0
97463,0
97615,0
97566,0
97591,0
97511,1
97554,0
97454,0
97661,0
97596,0
97453,0
97594,0
97652,0
97127,16
97557,0
97572,0
97598,0
97567,0
97665,0
97581,0
97516,0
97117,0
97122,16
97595,0
97464,0
97558,0
97513,1
97599,0
97562,0
97611,0
97574,0
97571,0
97125,16
97128,16
97573,17
97666,0
97663,0
97664,0
97592,0
97555,0
97561,0
97667,0
97662,0
97597,0
97593,2
97512,0
97129,0
97668,0
97231,0
97234,0
97553,0
97452,0
97126,16
97233,0
97237,0
97121,16
97116,16
97236,0
97118,0
97514,1
97515,1
97582,0
97114,16
97232,0
97123,16
97111,16
97235,0
97113,3
97124,16
97112,16
97115,16
97752,0
97754,0
97813,0
97751,0
97771,0
97794,0
97792,0
97753,0
97853,0
97863,0
97781,0
97791,0
97852,0
97783,0
97755,0
97772,0
97793,0
97782,0
97862,0
97764,0
97795,0
97854,0
97761,0
97713,0
97716,0
97762,0
97756,0
97777,0
97727,1
97718,0
97721,0
97719,0
97776,0
97812,1
97775,0
97774,0
97722,1
97712,1
97726,1
97724,1
97711,1
97723,1
97725,1
97729,0
97773,0
97811,0
97728,1
97714,1
97715,1
97717,0
99587,0
98854,0
99778,0
99352,0
98766,0
99875,0
99561,0
99351,0
99562,0
98916,0
99572,0
99874,0
99554,0
99556,0
99564,0
99576,0
99552,0
99782,0
98156,0
98255,0
98155,0
98152,0
99871,0
98973,0
99511,1
98767,0
98912,0
99872,0
99569,0
99568,0
98783,0
98972,0
99357,0
98261,0
98253,0
99974,0
99663,0
98711,0
99972,0
99773,0
98971,0
99557,0
99571,0
98818,0
99374,0
98252,0
99661,0
99777,0
99973,0
99779,0
99573,0
99582,0
98852,0
98915,0
99654,0
99566,0
99565,0
98913,0
99586,0
99578,0
99584,0
99881,0
98764,0
99766,0
99971,0
98157,0
99776,0
98215,0
98171,0
99585,0
98917,0
98914,0
99354,0
99662,0
99466,0
99853,0
99467,0
99583,0
99371,0
98154,0
99373,0
98911,0
99964,0
99651,0
98162,0
98262,0
98214,4
99652,0
98153,0
99558,0
99563,0
98784,0
99656,0
98118,0
99376,0
99113,0
98263,0
99567,0
98158,0
99355,0
99664,0
99553,0
98857,0
99223,5
99222,5
98853,0
99577,0
99575,0
99468,0
99469,0
98861,0
98161,0
99967,0
98254,0
99359,0
99574,0
99364,0
98713,0
98715,0
98116,0
98781,0
99375,0
98918,0
99358,0
99616,0
99655,0
99377,0
98172,0
99665,0
98763,0
99356,0
99362,0
99361,0
99112,2
99968,0
98782,0
98768,0
98862,0
98863,0
98769,0
99555,0
99372,0
98856,0
98813,0
98113,1
98716,0
99966,0
99353,0
98976,0
98719,0
99224,0
98725,0
98112,1
98727,0
98814,0
99111,0
99221,5
99910,0
99963,0
98717,0
98211,0
99116,0
98721,0
98718,0
98811,0
99614,0
98815,1
98812,1
99612,0
98726,0
98712,0
98714,0
98111,1
99115,2
99613,0
99465,0
98724,0
98817,1
99965,0
98722,0
98816,1
98723,0
99611,0
99615,0
98114,1
98212,4
99117,0
98213,4
99114,2
99225,1
99226,1
98115,1
98119,1
98481,0
98355,0
98315,0
98656,0
98461,0
98455,0
98661,0
98358,2
98462,0
98372,0
98653,0
98454,0
98473,0
98463,0
98457,0
98356,0
98311,0
98611,0
98362,0
98353,0
98456,0
98314,0
98361,0
98484,0
98363,0
98373,0
98652,0
98662,0
98359,0
98364,0
98365,0
98451,0
98482,0
98371,0
98357,0
98313,0
98471,0
98354,0
98483,0
98453,0
98654,0
98655,0
98474,0
98312,2
98352,0
98472,0
98452,0
98413,0
98418,0
98412,0
98414,0
98416,0
98417,0
98415,0
98411,0
98419,0
